<?xml version="1.0" ?>
<project name="Shadows" width="800" height="600" >
	<assets>
		<constants>
			<constant name="SM_size" value="4096" />
		</constants>
		<scenes>
			<scene name="MainScene">
				<file name="..\models\ntg-bench\bench.obj"/>
			</scene>
		</scenes>
		<viewports>
			<viewport name="MainViewport" >
				<ORIGIN x = "0" y = "0" />
				<SIZE width="0.75" height="1"/>
				<CLEAR_COLOR r="0.0" g="0.0" b="0.0" />
			</viewport>
			
			<viewport name="SmallViewport1" >
				<ORIGIN  x="0.75" y="0.66" />
				<SIZE width=".25"  height="0.33" />
				<CLEAR_COLOR  r="0.0" g="0.0" b="0.2" />
			</viewport>
			
			<viewport name="SmallViewport2" >
				<ORIGIN x=".75" y="0.33" />
				<SIZE width=".25"  height="0.33" />
				<CLEAR_COLOR  r="0.0" g="0.0" b="0.2" />
			</viewport>
			
			<viewport name="SmallViewport3" >
				<ORIGIN x=".75" y="0" />
				<SIZE width=".25"  height="0.33" />
				<CLEAR_COLOR  r="0.0" g="0.0" b="0.2" />
			</viewport>
		</viewports>
		
		<cameras>
			<camera name="MainCamera">
				<viewport name="MainViewport" />
				<projection TYPE="PERSPECTIVE" FOV="60.0" NEAR="1.0" FAR="1000.0" />
				<POSITION x="-240.0" y="180.0" z="-330" />
				<VIEW x="0.54" y="-0.37" z="0.75" />
				<UP x="0.0" y="1.0" z="0.0" />
			</camera>
			
			<camera name="testCamera" >
				<viewport name="MainViewport" />
				<projection TYPE="PERSPECTIVE" FOV="60.0" NEAR="1.0" FAR="100.0" />
				<POSITION x="-23.277" y="18.541" z="30.143" />
				<VIEW x="0.397" y="-0.644774" z="-0.652" />
				<UP x="0.0" y="1.0" z="0.0" />
			</camera>
		</cameras>
		
		<lights>
			<light name="Sun" >
				<POSITION x="-52" y="77.0" z="-27.0" />
				<DIRECTION x="0.597" y="-0.390" z="0.700" />
				<COLOR r="0.9" g="0.9" b="0.9" />
			</light>
		</lights>
		
		<materialLibs>
			<materialLib filename="shadowMaterials3.mlib"/>
		</materialLibs>
	</assets>
	
	<pipelines>
		<pipeline name="shadow" defaultCamera="testCamera">
		
			<pass class="depthmap" name="getShadowMap">
				<scenes>
					<scene name="MainScene" />
				</scenes>
				<camera name="testCamera" />
				<lights>
					<light name="Sun" />
				</lights>
				<renderTarget name="depth" fromLibrary="Shadow Materials" />
					
				<materialMaps>
					<map fromMaterial="*" toLibrary="Shadow Materials" toMaterial="depthOnly" />
				</materialMaps>
			</pass>
			
			<pass class="default" name="computeShadowsToRT">
				<scenes>
					<scene name="MainScene" />
				</scenes>
				<camera name="testCamera" />
				<lights>
					<light name="Sun" />
				</lights>
				
				<injectionMaps>
					<map toMaterial="*">
						<shader fromMaterial ="flat-with-shadow" fromLibrary="Shadow Materials" />
						<textures>
							<texture name="shadowMap" fromLibrary="Shadow Materials" toUnit="1">
								<COMPARE_MODE value="COMPARE_REF_TO_TEXTURE" />
								<COMPARE_FUNC value="LEQUAL" />
								<MIN_FILTER value="LINEAR" />
								<MAG_FILTER value="LINEAR" />
							</texture>
						</textures>
					</map>	
				</injectionMaps>	
			</pass>		
			
			<pass class="default" name="DebugViewFromGodsCamera">
				<scenes>
					<scene name="MainScene" />
					<scene name="testCamera" />
					<scene name="shadow#getShadowMap-LightCam" />
				</scenes>
				<camera name="MainCamera" />
				<viewport name="SmallViewport2" />
				<lights>
					<light name="Sun" />
				</lights>
			</pass> 
			
			<pass class="quad" name="showShadowMap">
				<viewport name="SmallViewport1" />				
				<texture name="shadowMap" fromLibrary="Shadow Materials"/>
			</pass>
			
			
			<pass class="default" name="DebugViewFromLight">
				<scenes>
					<scene name="MainScene" />
					<scene name="testCamera" />
				</scenes>
				<camera name="shadow#getShadowMap-LightCam" />
				<viewport name="SmallViewport3" />
				<lights>
					<light name="Sun" />
				</lights>
			</pass> 
			
			
		</pipeline>
	</pipelines>
</project>